Yer Adı,Web Adresi,Kalan Bilgiler
Groningen,www.woningnetgroningen.nl,Inschrijven € 20 / verlengen €11
Groningen,www.woningnetbovengroningen.nl,Inschrijven € 15 / verlengen € 5
Groningen,www.ikzoekeengroningerhuis.nl,Inschrijven € 15 / verlengen €10
Groningen,woningzoeken.acantus.nl,Inschrijven € 15 / verlengen gratis
Friesland,www.frieslandhuurt.nl,Inschrijven en verlengen gratis
Friesland,www.woonfriesland.nl,Inschrijven en verlengen gratis
Friesland,mynhus.dynhus.nl,Inschrijven en verlengen gratis
Friesland,mijn.thuswonen.nl,Inschrijven en verlengen gratis
Drenthe,www.thuiskompas.nl,Inschrijven en verlengen gratis
Drenthe,www.omniawonen.nl,Inschrijven € 15 / verlengen niet nodig
Overijssel,www.woninghuren.nl,Inschrijven € 25 / verlengen gratis
Overijssel,www.dewoningzoeker.nl,Inschrijven € 10 / verlengen € 5
Overijssel,www.woonkeus-stedendriehoek.nl,Inschrijven € 30 / verlengen gratis
Overijssel,www.thuiskompas.nl,Inschrijven en verlengen gratis
Flevoland,woningaanbod.mercatus.nl,Inschrijven € 25 / verlengen € 15
Flevoland,www.woningnetalmere.nl,Inschrijven € 20 / verlengen € 20
Flevoland,woningzoeken.centrada.nl,Inschrijven € 15 / verlengen € 15
Flevoland,woningzoeken.ofw.nl,Inschrijven € 15 / verlengen € 15
Flevoland,www.patrimoniumurk.nl,Inschrijven € 15 / verlengen € 10
Flevoland,www.woonpalet.net,Inschrijven € 35 / verlengen € 15
Noord-Holland,www.wonenindekop.nl,Inschrijven € 35 / verlengen (1 x per 5 jaar) € 35
Noord-Holland,www.woonmatchkopnh.nl,Inschrijven € 15 / verlengen gratis
Noord-Holland,www.woonmatchwestfriesland.nl,Inschrijven en verlengen gratis
Noord-Holland,www.svnk.nl,Inschrijven € 25 / verlengen niet nodig
Noord-Holland,www.mijnwoonservice.nl,Inschrijven € 10 / verlengen € 10
Noord-Holland,www.devooruitgang.com,Inschrijven € 75 (5 jaar geldig) / iedere 5 jaar verlengen voor € 35
Noord-Holland,www.woningnetgooienvechtstreek.nl,Inschrijven € 15 / verlengen € 15
Noord-Holland,www.woningnetregioamsterdam.nl,Inschrijven € 50 / verlengen € 8
Noord-Holland,www.woonmatchwaterland.nl,Inschrijven en verlengen gratis
Utrecht,www.woningnetregioutrecht.nl,"Inschrijven € 17,50 / verlengen € 7"
Utrecht,www.woningneteemvallei.nl,Inschrijven € 15 / verlengen € 5
Utrecht,www.huiswaarts.nu,Inschrijven € 25 / verlengen € 10
Utrecht,www.woongaard.com,Inschrijven € 25 / verlengen gratis
Gelderland,www.woonkeus-stedendriehoek.nl,Inschrijven € 30 / verlengen gratis
Gelderland,www.woninghuren.nl,Inschrijven € 25 / verlengen gratis
Gelderland,www.entree.nu,Inschrijven en verlengen gratis
Gelderland,www.thuisindeachterhoek.nl,Inschrijven en verlengen gratis
Gelderland,www.woongaard.com,Inschrijven € 25  / verlengen gratis
Gelderland,www.huiswaarts.nu,Inschrijven € 25 / verlengen € 10
Gelderland,www.hurennoordveluwe.nl,Inschrijven € 15 / verlengen € 15
Gelderland,www.triada.nl,Inschrijven € 15 / verlengen € 15
Zuid-Holland,www.woonkeus.nl,"Inschrijven € 15 / verlengen € 12,50"
Zuid-Holland,www.woonnetrijnmond.nl,Inschrijven € 10 / verlengen € 10
Zuid-Holland,www.hureninhollandrijnland.nl,"Inschrijven € 7.50 / verlengen € 7,50"
Zuid-Holland,www.woonnet-haaglanden.nl,"iDEAL: Inschrijven € 13,50 / verlengen € 13,50
Machtiging: Inschrijven € 11 / verlengen € 11"
Zuid-Holland,www.thuisbijhwwonen.nl,Inschrijven en verlengen gratis
Zuid-Holland,www.wonenindekrimpenerwaard.nl,Inschrijven gratis / verlengen (1x per 2 jaar) € 10
Zuid-Holland,www.woongaard.com,Inschrijven € 25 / verlengen gratis
Zuid-Holland,www.woningnetregiomiddenholland.nl,Inschrijven € 23 / verlengen gratis
Noord-Brabant,www.woongaard.com,Inschrijven  € 15 / verlengen gratis
Noord-Brabant,www.klikvoorwonen.nl,"Inschrijven  € 17,50 / verlengen € 10"
Noord-Brabant,www.zuidwestwonen.nl,"Inschrijven  € 17,50 / verlengen € 17,50"
Noord-Brabant,www.woninginzicht.nl,Inschrijven  € 8 / verlengen € 8
Noord-Brabant,www.wooniezie.nl,Inschrijven en verlengen gratis
Noord-Brabant,www.mijnwoningzoeken.nl,Inschrijven en verlengen gratis
Noord-Brabant,www.woonserviceregionaal.nl,Inschrijven € 10 / verlengen € 10
Zeeland,www.zuidwestwonen.nl,"Inschrijven € 17,50 / verlengen € 17,50"
Zeeland,www.woongoedzvl.nl,Inschrijven en verlengen gratis
Limburg,www.thuisinlimburg.nl,Inschrijven en verlengen gratis
